sub000,topic/24,topic/18,topic/3
sub001,topic/0,topic/1,topic/3,topic/4 ,topic/6,topic/7,topic/8,topic/9,topic/10,topic/12,topic/13,topic/14,topic/16,topic/18,topic/19,topic/21,topic/23,topic/24
sub002,topic/2,topic/3,topic/21,topic/15
sub003,topic/4,topic/10,topic/16,topic/17,topic/21,topic/23
sub004,topic/1,topic/5,topic/6,topic/8,topic/13,topic/14,topic/17,topic/19
sub005,topic/0,topic/1,topic/2,topic/3,topic/4,topic/5,topic/6,topic/7,topic/8,topic/9,topic/10,topic/12,topic/13,topic/14,topic/15,topic/16,topic/17,topic/18,topic/19,topic/20,topic/22,topic/23,topic/24
sub006,topic/0,topic/1,topic/3,topic/4,topic/5,topic/6,topic/7,topic/8,topic/9,topic/10,topic/11 ,topic/12,topic/13,topic/15,topic/16,topic/17,topic/18,topic/19,topic/20,topic/21,topic/22,topic/23,topic/24
sub007,topic/0,topic/2,topic/11
sub008,topic/2,topic/6,topic/10,topic/11,topic/12,topic/14,topic/17,topic/21,topic/23
sub009,topic/,topic/4,topic/5,topic/7,topic/8,topic/10,topic/11,topic/14,topic/18,topic/19,topic/23,topic/24
